created_at,id,like_count,author_id,reply_to_id,replied_to_user_id,tweet
2021-02-24 15:54:57+00:00,1364604739623747586,0,268370246,1364268814360215552,38410853,"@ctbto_alerts @Morocco_Austria Congratulations, good luck ;-)"
2021-01-24 11:11:32+00:00,1353299392267083776,0,59130232,1352903191231254529,38410853,"@ctbto_alerts In addition
# Rat her than mil-itary-force or bioterrorism,
state of the ART tech must contribute to the living environment; 
and expansion of the global ecosystem is also difficult to achieve without the cooperation of all humankind;https://t.co/GT4zxm31Su –∏ —è pri√® Á•àÔΩÅloneGtNŒ¶."
2021-01-23 15:01:46+00:00,1352994940914180097,0,74743684,1352994239458717697,38410853,@ctbto_alerts @SinaZerbo Update on Unofficial #NuclearProliferation: #Israel #Egypt #SaudiArabia #IranDeal #GoodNeighbours #NUMEC #TacticalNukes #USForeignPolicy #Yemen #Iran #Syria #NKorea https://t.co/V6SsXZBRee &amp; https://t.co/zBw2QhSxVW #Arafel https://t.co/cjOZQPrzzs
2021-01-22 02:13:29+00:00,1352439210200936448,0,235048522,1352202976975331328,38410853,@ctbto_alerts @UNjobs Are there any openings for volunteers and educational services would like to work with the unicef.
2021-05-26 20:18:11+00:00,1397648279798788097,0,1351272983617265667,1397496982315356162,38410853,"@ctbto_alerts @SinaZerbo @bayramov_jeyhun @AzerbaijanMFA üá¶üáø invaded Armenia Proper for 2 weeks now &amp; even k¬°[[ed 2 Armenians on Armenians soil! üá¶üáø violates against human rights daily, almost every day an Armenian gets k¬°[[ed by üá¶üáøis! Villagers get kidnapped, their cattle shot, over 300 Armenians are illegaly held hostage by üá¶üáø! https://t.co/FbV09Syzub"
2021-05-22 09:40:40+00:00,1396038291791745027,0,775224083394994176,1395781605290123270,38410853,@ctbto_alerts @_RobFloyd @SinaZerbo Congratulations and good riddance of your predecessor!
2021-05-22 02:00:42+00:00,1395922537486430209,0,1357400695327064064,1395781605290123270,38410853,"@ctbto_alerts @_RobFloyd @SinaZerbo At least zebras not gona make anymore decisions on nukes tests..
Thank you Madre Maria &amp; Padre Clemente...."
2021-05-15 01:16:56+00:00,1393374808289644544,0,1220161548284350464,1392086199955767297,38410853,@ctbto_alerts @maria_chepurina @ODA_Geneva Now it is time to put an end of all nuclear weapons and the test this is a very good time but didn't the pending make many country are fighting against each other with missiles and rockets it is not good all the weapons and nuclear weapons should be banned by CTBT effort
2021-05-07 12:13:20+00:00,1390640893279948800,0,1239874700551114752,1388144342095773698,38410853,@ctbto_alerts The Palestinians are being harmed by the bombs every day and no world organization is supporting them. Does saving their lives matter in your idea?!!
2021-05-07 09:10:14+00:00,1390594815117729798,2,1338180048352915458,1388144342095773698,38410853,"@ctbto_alerts In 2014 another Israeli onslaught on Gaza, this one lasting 51 days, kills upwards of 2200 Palestinians, most of them civilians.      #FreePalestine    #ÿßŸÑŸÇÿØÿ≥_ÿ£ŸÇÿ±ÿ®"
2021-05-07 08:31:24+00:00,1390585041801990144,1,1351237420088487939,1388144342095773698,38410853,@ctbto_alerts Why you are ignoring Palestinians rights? They are under the oppressions and you are silent!
2021-05-07 06:59:33+00:00,1390561927731027972,3,1225446807230144515,1388144342095773698,38410853,"@ctbto_alerts Zionists have a high number of nuclear bombs,  what did you for that?
They are killing innocent Palestinians!"
2021-05-07 06:32:28+00:00,1390555110460334080,2,1351039038355087364,1388144342095773698,38410853,"@ctbto_alerts What have you done for the Palestinian's happiness so far?
Are your projects and decisions only toward the benefits of specific people?"
2021-05-07 06:16:04+00:00,1390550983357386756,1,1313502637850009600,1388144342095773698,38410853,"@ctbto_alerts this was a report on violent incidents by Russia, Syria, Venezuela, or any of the nations in NATO's crosshairs. Media would be howling with outrage and faked tears, with demands for heads to roll, or at least for perpetrators to face justice.Isn't human rights for Palestinians?"
2021-05-07 05:06:30+00:00,1390533477628579841,3,1244329158114709504,1388144342095773698,38410853,@ctbto_alerts The silence of human rights organizations like yours is killing the Palestinian people. Aren't they human?
2021-05-07 04:40:36+00:00,1390526960812580865,5,1222255554246017026,1388144342095773698,38410853,"@ctbto_alerts Why does the international community only talk about human rights, security, etc and make claims, but in practice violate it?
Why can't the Palestinian people have security in their homes?
why don't they even have safe drinking water?

What does HUMAN RIGHTS mean‚ÅâÔ∏è"
2021-05-07 04:36:59+00:00,1390526049826611206,5,1174210819787243520,1388144342095773698,38410853,"@ctbto_alerts In Palestine, their basic rights are still not respected.Why????"
2021-04-29 01:25:20+00:00,1387578715647868931,0,1220161548284350464,1387335745828950019,38410853,@ctbto_alerts Thanks for Very informative and interesting information. I will certainly do. I wish great success of this meeting
2021-05-07 07:32:47+00:00,1390570289449275400,0,1185255903106392064,1385548931506049027,38410853,@ctbto_alerts @mbkalinowski @MarioZampolli @maria_chepurina @flortrillo @JennyNielsenNPT Palestinian children also have the right to go to the library and study in peace. But their rights have been violated by Zionist usurpers for years.
2021-04-23 18:10:43+00:00,1385657402041802756,1,268370246,1385548931506049027,38410853,"@ctbto_alerts @mbkalinowski @MarioZampolli @maria_chepurina @flortrillo @JennyNielsenNPT Well done, interesting 
@agrebimannou"
2021-04-23 11:27:39+00:00,1385555967178420226,2,2592817392,1385548931506049027,38410853,"@ctbto_alerts @mbkalinowski @MarioZampolli @maria_chepurina @flortrillo @JennyNielsenNPT World book day? You mean Sant Jordi, right? In my country - Catalunya-, Sant Jordi's day, has been associated with books and roses for centuries!!!....For the rest...Wish you a good celebration!"
2021-04-21 22:10:15+00:00,1384992907053109255,0,113413190,1384867851388002307,38410853,@ctbto_alerts @SinaZerbo @BakhtariManizha HE @SinaZerbo has done tremendous jobs in his tenure.
2021-04-21 19:29:39+00:00,1384952491457056771,1,985431488,1384867851388002307,38410853,@ctbto_alerts @SinaZerbo @BakhtariManizha Very welcome To Her excellency..
2021-04-06 12:38:05+00:00,1379413097526398987,0,1214350262,1379410336424599555,38410853,"@ctbto_alerts Super! Hope the vacancy is open to non-CTBTO members like India?

Given that the work is with both members n non-members, this might be a good idea, especially with a qualified Indian on board?"
2021-03-04 05:24:38+00:00,1367345215971950597,0,1238147132210794498,1367048428925186051,38410853,@ctbto_alerts Congratulations üéÜüëè
2021-09-23 17:23:50+00:00,1441090947064877065,0,1436303976878600192,1431813868821651461,38410853,@CTBTO @GermanyUN Thank youÔºÅ
2021-08-29 18:27:37+00:00,1432047303049846785,0,17184615,1431813868821651461,38410853,@ctbto_alerts What a fabulous day.
2021-08-29 11:59:17+00:00,1431949575506382848,0,1220161548284350464,1431813868821651461,38410853,@ctbto_alerts Very great üëç sir
2021-08-29 05:19:49+00:00,1431849044654034948,2,1419750580675923977,1431813868821651461,38410853,@ctbto_alerts Chile supports CTBT and calls for prompt ratification. 2000 plus since 1945 is too many. 1 is too many!
2021-08-28 15:30:25+00:00,1431640318332465160,0,1220161548284350464,1431581467679862789,38410853,@ctbto_alerts We shouldn't forget it
2021-08-26 17:54:26+00:00,1430951787121491968,12,1419750580675923977,1430910665003212810,38410853,@ctbto_alerts @ThomasSilvy @_RobFloyd It is of the upmost importance to highlight Kazakhstan‚Äôs üá∞üáø  outstanding commitment. Others should follow. Thank you for reminding us it is possible. @Vienna_kz @Youth4CTBT @CtbtNdc @cchen_gob @nuclearban
2021-08-24 18:16:12+00:00,1430232489642053635,2,1419750580675923977,1430217839714177029,38410853,@ctbto_alerts @_RobFloyd @NamibianEmbassy @namibia_mfa Good to have Ambassador @KrugerNada leading the WGA. All efforts to improve efficiency are welcomed. @Youth4CTBT @CtbtNdc @CTBTnow @JennyNielsenNPT @INTGenderChamps
2021-08-09 10:23:25+00:00,1424677692704755712,0,2592817392,1424641603495399427,38410853,"@ctbto_alerts Hi! I dont really like the word ""Indigenous""...""Indigena"" (spanish) has the same meaning projection as ""nigger"" in english. In any case, a russian"" is indigenous in Russia; an arab is also an indogenous in Arabia, and so on....so? Minorized Nations, could be better?"
2021-08-11 02:18:20+00:00,1425280391728930817,0,1240517423284936704,1424596299568062474,38410853,"@ctbto_alerts Japan as Evil country:
*Militarism/Nazism
*Nanjing Massacre
*Lushun Massacre
*731
*Shanghai 1.28 Massacre 
*Golden Mountain Massacre 
*Tianjin Air Raid
*The crime of comfort women
Japanese must learn Germany apology first , reflect on their guilty pleas and eliminate militarism"
2021-08-07 14:56:26+00:00,1424021621635837952,0,1220161548284350464,1423554436211826688,38410853,@ctbto_alerts Seeing the devastation people still not understanding why?
2021-08-06 08:22:37+00:00,1423560129115348993,0,47264820,1423554436211826688,38410853,"@ctbto_alerts https://t.co/b32qKUceKw 
It was a beautiful city."
2021-08-12 14:27:26+00:00,1425826262723923982,0,35499369,1423254434310770691,38410853,@ctbto_alerts @UN_Vienna Why do you even bother posting jobs like this?
2021-08-05 10:49:04+00:00,1423234594996948994,1,1470134820,1423227223482503170,38410853,@ctbto_alerts @_RobFloyd Thank you for the very informative and motivating words.
2021-08-05 10:28:24+00:00,1423229395649630212,4,275007173,1423227223482503170,38410853,@ctbto_alerts @_RobFloyd Heartwarming introduction; inspiring remarks; excellent faciliation; hopeful future. Superb meeting üëå
2021-08-12 14:46:43+00:00,1425831116271874049,0,1409389578687959043,1422241469524496390,38410853,@ctbto_alerts @_RobFloyd @UN @UN_Vienna Welcome
2021-08-02 22:05:54+00:00,1422317762467311627,0,1350235024847745024,1422241469524496390,38410853,@ctbto_alerts @_RobFloyd @UN @UN_Vienna It is just‚Ä¶‚Ä¶‚Ä¶. GREAT ü§ùüëçüçÄüí™üèº
2021-08-02 21:07:59+00:00,1422303186493263877,8,1419750580675923977,1422241469524496390,38410853,"@ctbto_alerts @UN @UN_Vienna Welcome to Vienna @_RobFloyd üá®üá± ready to work with you and your team on #CTBTO priorities 
@Minrel_Chile @Youth4CTBT"
2021-09-08 03:18:58+00:00,1435442511758118924,0,1043856736363446272,1422150263364886530,38410853,@ctbto_alerts @_RobFloyd @DG_ASNO @UN_Vienna @UN Congratulations Rob.
2021-08-03 08:03:41+00:00,1422468201024131072,0,1214350262,1422150263364886530,38410853,@ctbto_alerts @_RobFloyd @DG_ASNO @UN_Vienna @UN Many many hearty congratulations n wish you @_RobFloyd n @ctbto_alerts all success! üëçüèΩüôèüèΩ
2021-08-06 15:36:47+00:00,1423669387706392581,0,50185334,1422097279960424448,38410853,@ctbto_alerts @_RobFloyd @DG_ASNO Congratulations Rob! Warm regards!
2021-08-02 21:20:40+00:00,1422306378266333186,2,1418201248549928960,1422097279960424448,38410853,@ctbto_alerts @_RobFloyd @DG_ASNO @ChileONUViena üá®üá± Welcomes new #CTBTO Executive Secretary @_RobFloyd and wishes him success in this important endeavour and in advancing towards the entry into force.
2021-08-02 11:25:12+00:00,1422156522637996034,3,1413183954,1422097279960424448,38410853,"@ctbto_alerts @_RobFloyd @DG_ASNO Welcome to the hot seat, @_RobFloyd."
2021-08-02 09:36:24+00:00,1422129143194394626,9,954281396,1422097279960424448,38410853,@ctbto_alerts @_RobFloyd @DG_ASNO Congratulations again Rob! I‚Äôm sure you‚Äôll do a fantastic job. The EU üá™üá∫ will continue to support the @ctbto_alerts under your able leadership.
2021-07-29 17:01:58+00:00,1420791724843147266,0,1214350262,1420789132843012096,38410853,"@ctbto_alerts @SinaZerbo Indeed! Thank you @SinaZerbo 

You did your best! All best wishes for the future! üëçüèΩüôèüèΩ"
2021-07-16 08:58:35+00:00,1415959034742509569,0,2741661968,1415958887715516420,38410853,@ctbto_alerts And since that. steel around the world has never been as crappy
2021-07-17 18:11:05+00:00,1416460464440037376,0,1220161548284350464,1415657465081909253,38410853,"@ctbto_alerts @maria_chepurina Modern world is for the youth, by the youth and of the youth. Take guidence of elders and respect to olders. Do going ahead"
2021-07-02 06:49:38+00:00,1410853150945329153,1,1331403528745709570,1409540462206201857,38410853,"@ctbto_alerts Great individuals committed to changing the world. The #SnT2021conference has been informative, educative and a really great experience.  Thank you @ctbto_alerts for initiatives and such events that offer inspiration, empowerment and opportunities. Proud @Youth4CTBT member!"
2021-07-30 15:49:53+00:00,1421135969235914754,0,1407410775468265482,1409442475492659202,38410853,"@ctbto_alerts @IAEA @rafaelmgrossi Dear IAEA Director Mr Rafael M Grossi
Congratulations for your commitment
Kind regards From Morocco
Prof N.Ben Rais
Head of Nuclear Medicine teaching department Rabat Morocco"
2021-06-21 17:52:08+00:00,1407033608695521292,0,1220161548284350464,1406927695221604352,38410853,@ctbto_alerts @SinaZerbo CTBTO great done. Dr Zerbo deserve
2021-06-21 16:13:10+00:00,1407008702633230346,1,1321380591611400193,1406927695221604352,38410853,"@ctbto_alerts @Amb_Ulyanov @SinaZerbo Well deserved and appropriate assessment!
My sincere congratulations to @SinaZerbo"
2021-06-17 16:28:15+00:00,1405562948165144576,0,1220161548284350464,1405144506106847233,38410853,@ctbto_alerts @maria_chepurina @SinaZerbo Be vaccinated without fear https://t.co/GxoS6LNXCR
2021-06-17 16:26:43+00:00,1405562560321970182,0,1220161548284350464,1405144506106847233,38410853,@ctbto_alerts @maria_chepurina @SinaZerbo Great agreement
2021-06-16 11:29:48+00:00,1405125453493403648,0,1220161548284350464,1405113845518061569,38410853,@ctbto_alerts @maria_chepurina I have registered and uploaded my presentations. Hopping it's great success. Must attend to try to  make world nuclear free
2021-06-08 06:47:02+00:00,1402155188006264850,0,1220161548284350464,1401071290174238733,38410853,@ctbto_alerts @RonanJLeBras Exactly. If one control the ending of nuclear testing could balance ecosystem
2021-11-30 18:41:51+00:00,1465752953705447425,0,1101339052266131457,1465751638245847052,38410853,@CTBTO nuclear?
2021-11-25 12:03:05+00:00,1463840663661907981,1,724612999,1463821848085422082,38410853,@CTBTO @_RobFloyd @BajanDiplomat Many congratulations @BajanDiplomat
2021-11-25 11:33:36+00:00,1463833244714086401,1,1405145834174521344,1463821848085422082,38410853,"@CTBTO @_RobFloyd @BajanDiplomat Mr. Chad BLACKMAN I am proud of you, because you are blessed by the great God. God bless you ."
2021-11-17 23:50:02+00:00,1461119468210249731,4,426967239,1460942640040587264,38410853,@CTBTO @_RobFloyd @AdaljizaM @UNTimorLeste We look forward to celebrating Timor-Leste‚Äôs ratification of the Comprehensive Nuclear-Test-Ban Treaty and Treaty on the Prohibition of Nuclear Weapons soon. Thank you for your country‚Äôs commitment to nuclear non-proliferation and disarmament. üáπüá± üá∫üá≥
2021-11-17 16:02:22+00:00,1461001776333795339,11,38410853,1460942640040587264,38410853,"(2/2) During her visit, the Foreign Minister received a briefing on the international verification system, including scientific and civilian applications, and toured #CTBTO facilities, including the Operations Centre, to see the international monitoring system in action. https://t.co/QtKug9eIFw"
2021-11-15 02:36:13+00:00,1460074127583166464,0,1220161548284350464,1459959356322205697,38410853,@CTBTO Very excellent of recording by IMS network best in the world. People mostly believed
2021-11-12 08:39:55+00:00,1459078491614461983,0,462844141,1458791471260254218,38410853,@CTBTO Making non- proliferation capacity earn its keep by providing #PeacefulUse capacity to the world is Key USP the @CTBTO
2021-11-10 15:06:53+00:00,1458451098986033156,0,1357400695327064064,1458407652086648837,38410853,"@CTBTO @_RobFloyd What tools you will use if any of the nuclear state will not ratify a Treaty?
N.Korea for example. 
More than US done already to isolate N.Korea you won't be able to do."
2021-11-09 19:21:22+00:00,1458152753310707725,1,3291795789,1458114738706071555,38410853,@CTBTO So many familiar faces!
2021-11-05 08:50:38+00:00,1456544474830675973,10,38410853,1456544144671842305,38410853,"2/2 We send this data in near-real-time to #tsunami warning centres in 17 countries across the globe (in green on this map), to help them issue faster, more accurate alerts. To learn more, you can click here ‚¨áÔ∏è
https://t.co/JoPZYraHoQ https://t.co/CaWwvBYvYj"
2021-11-02 17:15:39+00:00,1455584402847698949,0,1243879591111991296,1455552881134907403,38410853,@CTBTO @mission_rf @Amb_Ulyanov @mfa_russia Just t thing fir t NOW-moment!
2021-10-26 07:40:53+00:00,1452903041166888962,0,1409389578687959043,1452873027067199492,38410853,@CTBTO @_RobFloyd @SpiceFMKE @KTNNewsKE North Korea must be bring under control of tests
2021-10-24 15:10:33+00:00,1452291426868465675,0,2475652522,1452290122175614978,38410853,"@CTBTO @_RobFloyd @UbuntuRadioZA I personally invite you to watch my newest song üéµ titled my testimony.
Would like to leave a comment, I appreciate it. Please subscribe 

https://t.co/60WCsfzSh4

My Testimony by Austine Udogu 
           Just drop now
Like comment susbcrib and share ‚ô•‚ù§‚ú®üíñüíïüòä‚ô•‚ù§‚ú®üíñ"
2021-10-23 09:27:06+00:00,1451842609828319232,7,38410853,1451842047497981956,38410853,"In 1996 Costa Rica &amp; 138 other countries signed the #CTBT; 25 years later, Latin America and the Caribbean host 43 Intl Monitoring System #IMS stations to detect #nuclear tests, including a seismic station in Costa Rica. Watch this video to learn more ‚¨áÔ∏è https://t.co/3s1Gls127N"
2021-10-22 19:31:00+00:00,1451632195336953865,0,1450903049174601728,1451555260032593922,38410853,"@CTBTO Hello!!I'm a website designer,if you want design a website please contact me üôèüôè"
2021-10-27 14:17:07+00:00,1453365144084385796,0,1452578655440408579,1450842344673120257,38410853,@CTBTO Indian can apply
2021-10-14 14:38:30+00:00,1448659483421392906,0,1409389578687959043,1448657451406950407,38410853,@CTBTO @_RobFloyd @UN How can science be use for https://t.co/V3d14wShl5 is boon.
2021-10-13 07:39:05+00:00,1448191545736409090,3,38410853,1448191220543524867,38410853,"You can find more information on how #CTBTO's International Monitoring System contributes to disaster risk reduction ‚¨áÔ∏è:
https://t.co/JoPZYraHoQ 
#OnlyTogether"
2021-10-07 13:12:27+00:00,1446101113518788615,1,1409389578687959043,1446100202239270917,38410853,@CTBTO @_RobFloyd @kommersant We have to build strong infrastructure and efforts to end nuclear threats from world
2021-09-28 04:07:31+00:00,1442702484665864194,1,1409389578687959043,1442508942433730563,38410853,@CTBTO @_RobFloyd @INakamitsu @irishmissionun @UN_Disarmament @UN We should effort for nuclear energy instead of nuclear weapons
2021-09-26 06:42:25+00:00,1442016690393411592,0,977222083250982913,1442014928525799424,38410853,"@CTBTO @UN_Disarmament @unodavienna @ODA_Geneva Appreciated your aim n efforts for nuclear free world nd to protect environment n future generations from the devastating consequences of nuclear tests /radiation. All nuclear states must cooperate, stop n eliminate nuclear weapons n invest in edu, health, energy n prosperity pl"
2021-09-24 15:12:25+00:00,1441420260670775306,0,977222083250982913,1441417137113862149,38410853,"@CTBTO Excellent speach,,we must never forget the health n environmental consequences of nuclear tests n nuclear disasters /pl also consider that melted nuclear reactor produce radiation more than atomic bomb n nuclear free world is must to protect environment n future generations, Sir"
2022-08-30 04:16:38+00:00,1564467102869647361,0,1516311107400462340,1441300892922224647,38410853,"@CTBTO What other gases can be heated to best simulate plasma?
https://t.co/qylG8LBM8N"
2022-08-14 06:59:58+00:00,1558710000431771649,0,1409389578687959043,1441300892922224647,38410853,@CTBTO No war.
2022-03-10 14:36:28+00:00,1501929989020684293,0,1501648793527279618,1441300892922224647,38410853,"@CTBTO 2 weeks in Ukraine there is a war!Russia brazenly attacked Ukraine!people in Mariupol have no water, food, electricity, gas, heat! Russia is using banned weapons, bombing civilians, their homes, hospitals, churches. Stop Russia!While you are idle, people are dying! Close the sky!"
2022-02-26 11:17:33+00:00,1497531274495291393,0,1481918421281677312,1441300892922224647,38410853,"@CTBTO Covid-free, mask-free
The happiest place on earth
This year's best humananitarian documentary.
Let's be strong!

https://t.co/biC9PXNyOF"
2022-01-15 12:23:02+00:00,1482327466139996160,0,1469568490453422082,1441300892922224647,38410853,@CTBTO hello.plz help me? i am from UN.Usa and.China student.i have somethings https://t.co/0mQqmOlcXF i need helper. plz all guys help me.i saw something
2021-09-24 17:52:34+00:00,1441460566703448067,0,887028314224852992,1441300892922224647,38410853,"@CTBTO @UN ‚òÄÔ∏è
I serve human rights agree?
A vision of a better world I see
A million tweets keeps me awake
Hope is a promise I won't break

War and nuclear weapons rust
Nuclear weapons dust‚ô•Ô∏è https://t.co/3Lug2ZZkLo"
2021-09-24 16:04:35+00:00,1441433390612291589,1,1409389578687959043,1441300892922224647,38410853,@CTBTO All the countries should sign ctbt.its important for humanity.
2021-09-24 09:57:43+00:00,1441341065504587782,1,2369032636,1441300892922224647,38410853,@CTBTO Happy anniversary CTBT!
2021-09-23 23:12:39+00:00,1441178728583757826,0,1357400695327064064,1441051164649443332,38410853,"@CTBTO @_RobFloyd @MarinaSereni @ItalyUN_Vienna @ItalyUN_NY We can't understand,  why states, which are not nuclear are supposed to vote for #CTBT ratification?
Actually we understand why.
To use ""ants"" to bite ""big fat cat"" &amp; help another ""big fat cat"" to eliminate 1-st one..."
2021-09-23 14:45:57+00:00,1441051214377017351,18,38410853,1441051099461349380,38410853,".@_RobFloyd stresses the importance of the #CTBT at the #ArticleXIV Conf: ‚Äúthe only way to secure an enduring &amp; verifiable prohibition on #nuclear testing is through the treaty‚Äôs entry into force &amp; universalization. In this 25th anniversary year, I urge you to take action‚Äù. #UNGA"
2021-09-23 14:31:35+00:00,1441047599759310860,16,38410853,1441047529047539716,38410853,".@antonioguterres addresses the 8 remaining Annex 2 States: ""I repeat my call to these States to sign and ratify the #CTBT asap... I assure you that the @UN stands ready to assist in whatever way we can to bring this Treaty into force without any further delay"". #UNGA #ArticleXIV"
2021-09-24 04:03:44+00:00,1441251983306813444,0,1055503913019822080,1440918853433790469,38410853,@CTBTO @SanamF24 Sanam terrorist .. ayatollah sanam  . Fuck you and your family .. from IRANIAN people üñïüñï
2021-09-23 21:39:57+00:00,1441155399269302282,0,3010531390,1440918853433790469,38410853,@CTBTO Amb Molekane of South Africa and Ambassador Cortese of Italy as they preside over the 12th Article XIV Conference https://t.co/ZktxXgFtlR
2021-09-23 00:44:01+00:00,1440839336308600836,0,1357400695327064064,1440716267430629383,38410853,"@CTBTO @_RobFloyd What a unleashed World!
Even San Tome de Principe trying to test nuclear weapons....
Why all those girls just decided to dump all this problems on Sir Rob Floyd?   üòÜü§£"
2021-09-18 16:35:13+00:00,1439266773153554435,0,1419750580675923977,1438810192897056778,38410853,@CTBTO @IMSDirector_NMO @_RobFloyd @LithuaniaMFA Welcome!
2021-09-16 21:09:11+00:00,1438610942380609537,0,1357400695327064064,1438441345283133440,38410853,"@CTBTO @_RobFloyd So Senegal decided to run nukes tests, or it's just another ally for voting on a Board if #CTBTO?"
2021-09-16 03:57:01+00:00,1438351191541440513,0,1357400695327064064,1438072875156660232,38410853,"@CTBTO @_RobFloyd Is it for present, past or future accomplishments?"
2021-09-13 17:15:07+00:00,1437464875907825671,0,1419750580675923977,1437453496383639552,38410853,@ctbto_alerts @_RobFloyd @IkramIbrahimMY @MYembassyVienna Welcome Ambassador @IkramIbrahimMY @MYembassyVienna @MYEmbSantiago
2021-09-12 05:15:24+00:00,1436921364384944137,0,1409389578687959043,1436358664995155991,38410853,@ctbto_alerts @UN @UN_Disarmament Yes we will without weapons. Peaceful world
2021-09-09 12:58:58+00:00,1435950858978611206,2,1419750580675923977,1435934779824906240,38410853,@ctbto_alerts @_RobFloyd @UN @AP @UN_News_Centre Hope from the PGA and optimism from @_RobFloyd  best combo ever! @abdulla_shahid  #PresidencyOfHope  @INTGenderChamps @MonicaGrayley
2021-09-04 10:09:51+00:00,1434096362497343492,0,1220161548284350464,1433803398999052299,38410853,@ctbto_alerts @_RobFloyd @AzEmbAustria @Sadigbayli Congratulations Sir. Great doing üëç
2022-01-21 14:48:08+00:00,1484538308348854273,20,38410853,1484538302791393283,38410853,"(2/4) All 53 #IMS infrasound stations recorded the main eruption, at global ranges. This is unique and shows the effectiveness of #CTBT verification technologies, with all stations ready and contributing. https://t.co/QZ9RflpzQY"
2022-01-21 14:48:08+00:00,1484538308348854273,20,38410853,1484538302791393283,38410853,"(2/4) All 53 #IMS infrasound stations recorded the main eruption, at global ranges. This is unique and shows the effectiveness of #CTBT verification technologies, with all stations ready and contributing. https://t.co/QZ9RflpzQY"
2022-01-21 14:48:08+00:00,1484538308348854273,20,38410853,1484538302791393283,38410853,"(2/4) All 53 #IMS infrasound stations recorded the main eruption, at global ranges. This is unique and shows the effectiveness of #CTBT verification technologies, with all stations ready and contributing. https://t.co/QZ9RflpzQY"
2022-01-22 15:36:49+00:00,1484912946551861248,0,1220161548284350464,1484490209345556482,38410853,@CTBTO @maria_chepurina @NPR @gbrumfiel Great recording
2022-01-20 12:32:47+00:00,1484141856099553287,0,1483199048798535681,1483856486300274691,38410853,@CTBTO @OPCW @impactpool following
2022-01-15 19:05:32+00:00,1482428756019011588,0,4911110944,1482404464325705737,38410853,@CTBTO How much energy (TNT) was released in today's event ?
2022-01-15 18:39:22+00:00,1482422170647240709,0,3010531390,1482404464325705737,38410853,@CTBTO The value of the IMS is saving lives is impressive
2022-01-15 17:29:02+00:00,1482404473297326081,51,38410853,1482404464325705737,38410853,"(2/2) These events were analyzed by the Intl Data Centre, (#IDC mb=4.0) at 04:07 UTC from 9 primary, 4 aux, 3 infra #IMS stations &amp; (#IDC mb=4.2) at 04:15 UTC from 9 primary, 7 aux, 1 hydro, 15 infra #IMS stations. Authorities issued tsunami warnings following the 2nd event. https://t.co/FYxXnYPyd0"
2022-01-15 19:05:32+00:00,1482428756019011588,0,4911110944,1482404464325705737,38410853,@CTBTO How much energy (TNT) was released in today's event ?
2022-01-15 18:39:22+00:00,1482422170647240709,0,3010531390,1482404464325705737,38410853,@CTBTO The value of the IMS is saving lives is impressive
2022-01-15 17:29:02+00:00,1482404473297326081,51,38410853,1482404464325705737,38410853,"(2/2) These events were analyzed by the Intl Data Centre, (#IDC mb=4.0) at 04:07 UTC from 9 primary, 4 aux, 3 infra #IMS stations &amp; (#IDC mb=4.2) at 04:15 UTC from 9 primary, 7 aux, 1 hydro, 15 infra #IMS stations. Authorities issued tsunami warnings following the 2nd event. https://t.co/FYxXnYPyd0"
2022-01-14 18:59:12+00:00,1482064775215558659,1,1306687401767641103,1481969518884835328,38410853,@CTBTO @OPCW @impactpool Fantastic!! Great initiative
2022-01-05 13:43:52+00:00,1478723927648129026,0,25922269,1478722330121617412,38410853,@CTBTO @NuclearDiner Thank you for these fascinating resources.
2021-12-22 22:02:14+00:00,1473775915549306880,1,1387500474266537995,1473671811774783489,38410853,"@CTBTO Charter Towers, Australia, might have ""heard"" it too: https://t.co/0Q6KdpMk7c"
2021-12-17 15:20:01+00:00,1471862756781572099,5,38410853,1471862644256690179,38410853,"‚û§ Learn more about the #Youth Group, which is open to all students and young graduates, here: https://t.co/5PAzmejfni"
2021-12-16 11:41:59+00:00,1471445496652775427,12,38410853,1471445223263846407,38410853,"2/2 While at #NORSAR, the ES received a briefing on how the agency uses IMS data for life-saving work, such as #avalanche detection &amp; early warning, and a new project they have just completed, NOR-FROST, for research into fibre sensing technology. https://t.co/hLxvy1AhTA https://t.co/gS9fJlfFnH"
2022-04-19 16:45:18+00:00,1516457926772330498,2,993993047057817600,1513516450887131140,38410853,"@CTBTO @_RobFloyd @RO_Vienna CTBTO is gaining relevance in recent years, and its importance is recognized, today more than ever, after the verbalization of the nuclear threat. üëçüèΩ"
2022-04-08 09:00:36+00:00,1512354711264972804,10,38410853,1512353912745086983,38410853,"2/2 ‚Ä¶ evaluated the technical performance of #OSI communications equipment, addressed security aspects and discussed proposals for updates and maintenance ahead of the full resumption of #CTBTO OSI field activities. https://t.co/SdoSUfwSqG"
2022-03-31 15:21:31+00:00,1509551472584937475,7,38410853,1509551469334347787,38410853,"(2/2) With #Tuvalu's ratification, all but 3 countries in the South Pacific have ratified the Treaty. üáπüáª FM Simon Kofe said, ‚ÄúBy ratifying the Comprehensive Nuclear-Test-Ban Treaty (CTBT), Tuvalu is reiterating its commitment to the elimination of all nuclear tests, everywhere."""
2022-03-30 01:13:29+00:00,1508975670831034370,3,22843167,1508908103688986637,38410853,@CTBTO @DouglasBShaw @UnderSecT @LauraSHHolgate @StateDept @usunvie @RealDeeptiC @MSZeinabou @IMSDirector_NMO @Jenkinsbd Excellent timing.
2022-03-28 10:00:25+00:00,1508383499916648455,11,38410853,1508383492916359175,38410853,ES @_RobFloyd had insightful exchange with üáπüá± Minister of the Presidency of the Council of Ministers @leitemagalhae. Discussed current foreign affairs priorities of #TimorLeste and upcoming consideration of #CTBT ratification decree. https://t.co/9o5pMvAypq
2022-03-28 10:00:25+00:00,1508383499916648455,11,38410853,1508383492916359175,38410853,ES @_RobFloyd had insightful exchange with üáπüá± Minister of the Presidency of the Council of Ministers @leitemagalhae. Discussed current foreign affairs priorities of #TimorLeste and upcoming consideration of #CTBT ratification decree. https://t.co/9o5pMvAypq
2022-03-28 10:00:25+00:00,1508383499916648455,11,38410853,1508383492916359175,38410853,ES @_RobFloyd had insightful exchange with üáπüá± Minister of the Presidency of the Council of Ministers @leitemagalhae. Discussed current foreign affairs priorities of #TimorLeste and upcoming consideration of #CTBT ratification decree. https://t.co/9o5pMvAypq
2022-03-25 08:22:09+00:00,1507271605327740932,0,1286989546450595840,1507271396329766920,38410853,"@CTBTO @infoBMKG Such a pleasure to meet with the deputy head and technical experts from @infoBMKG; so important to keep up exchange with experts from #Indonesia, a country hosting 6 #IMS stations and providing valuable contributions to verification mission of the #CTBTO."
2022-03-24 18:00:58+00:00,1507054884067188749,14,38410853,1507054873522622468,38410853,"(2/2) The Gambia's ratification means 48 African countries have ratified the CTBT, including all members of the Economic Community of West African States (ECOWAS). The total number of ratifying states is now 171 - looking forward to more ratifications for CTBT 25th anniversary. https://t.co/SQsZbDH10Q"
2022-03-22 10:13:43+00:00,1506212520138358787,16,38410853,1506212514002055178,38410853,"(2/2) @_RobFloyd says we must #FinishWhatWeStarted: ""Together, we can succeed in universalizing the CTBT, thereby putting an end to nuclear explosions by anyone, anywhere, and for all time. We owe it to ourselves, to the next generation, and the generations that come after."" https://t.co/2f8WTdkOBF"
2022-03-15 17:08:18+00:00,1503780139515195393,1,1961213640,1503642156350652416,38410853,@CTBTO Really looking forward to this unique event! ‚ôÄÔ∏è‚ôÄÔ∏è
2022-03-09 09:09:18+00:00,1501485265520582659,1,939914799131058176,1501115433092538369,38410853,@CTBTO @BakhtariManizha Thanks for the support! üëè
2022-03-07 16:02:40+00:00,1500864516149628934,6,38410853,1500864381093138432,38410853,"2/2 @_RobFloyd held constructive discussions on continued technical cooperation between Egypt and the #CTBTO, and was heartened to hear about the many achievements of the NDC. The CTBTO is looking forward to the inauguration of the new centre in 2023.
#LetsFinishWhatWeStarted"
2022-03-11 22:03:40+00:00,1502404918577025024,2,3262320305,1500804781954244610,38410853,"@CTBTO Can you post some waveform examples from the Crozet Islands activity we are seeing today on the spectrogram 3/11/2022, Thank you!"
2022-03-01 11:08:53+00:00,1498616257142312960,1,1481177556615413762,1498612504825679872,38410853,@CTBTO @_RobFloyd @UN_Disarmament May God protect the whole world /God willing/ peace will prevail in all the world
2022-03-01 10:53:59+00:00,1498612506868297732,11,38410853,1498612504825679872,38410853,"(2/2) ""We all share the goal of a world free of nuclear weapons, but until we succeed, the risk of nuclear weapons use will remain. The CTBT is helping reduce these risks and will play an essential role as a core legal and technical component of a nuclear-weapon-free world."""
2022-02-26 11:16:32+00:00,1497531019850776579,0,1481918421281677312,1497183993942495234,38410853,"@CTBTO @_RobFloyd @ResearchUI @SweMFA Covid-free, mask-free
The happiest place on earth
This year's best humananitarian documentary.
Let's be strong!

https://t.co/biC9PXNyOF"
2022-02-24 17:51:52+00:00,1496905730959495171,8,38410853,1496905464365289474,38410853,"(2/3) ""All states, no matter how large or small or where they are located on this planet, are benefiting from a global peace and security dividend of immeasurable value because of this global norm on nuclear testing."" 

https://t.co/bC7pPbBBdi"
2022-02-24 17:51:52+00:00,1496905730959495171,8,38410853,1496905464365289474,38410853,"(2/3) ""All states, no matter how large or small or where they are located on this planet, are benefiting from a global peace and security dividend of immeasurable value because of this global norm on nuclear testing."" 

https://t.co/bC7pPbBBdi"
2022-02-21 08:43:18+00:00,1495680519274745857,0,1148614192116719616,1495678639622533123,38410853,"@CTBTO The scientific consensus doesn‚Äôt say human-caused warming is more than tiny. Under 1% say it‚Äôs at least half of the warming, a fraction of a degree. No one credible calls it a crisis.
https://t.co/rFPbo7YMBu 
Climate action has a tiny effect on temperature.
Verifiable facts: https://t.co/KawQRiyvqL"
2022-02-16 21:37:11+00:00,1494063332009123840,14,38410853,1493878481775644672,38410853,"Before wrapping up his trip to the region, @_RobFloyd met with experts from National Commission of Nuclear Safety and Safeguards
(CNSNS) in #Mexico, as well as officials from National Seismological Service, @UNAM_MX, which operates CTBTO‚Äôs IMS stations HA06, AS063, AS064 &amp; AS065 https://t.co/XYdsencaiL"
2022-02-07 12:10:10+00:00,1490659148689809416,10,38410853,1489728863412305926,38410853,"Fruitful exchange with #Barbados's MFA, @BajanDiplomat &amp; GOV experts to discuss use of #CTBTO data &amp; tech to address disaster warning and SDGs. Also discussed: CTBT membership benefits for the country &amp; Small Island Developing States, in addition to ways to enhance cooperationü§ù https://t.co/X79cmdqxGW"
2022-02-03 16:57:38+00:00,1489281938305294336,0,1306687401767641103,1489131539807887361,38410853,@CTBTO @OPCW @impactpool Great initiative!  #impactcareers
2022-02-03 16:25:03+00:00,1489273740173193218,3,283721558,1489131539807887361,38410853,"@CTBTO @OPCW @impactpool Currently tuned in! BTW, you can thank Dr. Jenny for the follow. üòâ"
2022-07-31 10:13:45+00:00,1553685339797061632,0,1520431417838215168,1552975617355923456,38410853,@CTBTO @_RobFloyd @G_Zlauvinen @UN_Disarmament When the spirit of lucre sweeps away all scruples and common sense... https://t.co/9iKgShYVq6
2022-07-19 10:27:26+00:00,1549340126777597953,0,1505827313799380998,1549324123360399367,38410853,@CTBTO How this analyst explains an algorithm to differentiate between natural and man-made waveform events. Where is knowledge of unique signature of nuclear explosion ( regarding waveform techniques) coming from? What is statistics data basis for that? Who has provided it? Who has
2022-07-15 09:24:05+00:00,1547874633315020801,0,3010531390,1547823277657141254,38410853,@CTBTO @Youth4CTBT The future of the world that will be free of nuclear weapons is in your hands
2022-07-12 11:58:45+00:00,1546826395464175618,0,309164285,1546805587484311553,38410853,"@CTBTO please correct me if I am wrong, but shouldn't the unit for yield be expressed with the symbol ""kt"" instead of ""kT""?"
2022-06-27 13:14:18+00:00,1541409587013623808,0,1487835251447451652,1541408185487167492,38410853,@CTBTO @_RobFloyd following.
2022-06-26 00:49:14+00:00,1540859697380851712,0,1220161548284350464,1540353266575450113,38410853,@CTBTO @Veronica_Golini Great doing üéâ‚ù§Ô∏è
2022-06-25 13:28:43+00:00,1540688438886019073,0,1220161548284350464,1540332342589493249,38410853,@CTBTO @Veronica_Golini Great doing üôèüèæ
2022-06-16 07:33:06+00:00,1537337454482673664,13,38410853,1537336699319115777,38410853,"2/2 The Permanent Representative of Finland to the International Organizations in Vienna, H.E. Pirkko Mirjami H√§m√§l√§inen @pirkko_pirkko, welcomed @_RobFloyd, noting ‚Äúthere is no doubt the #CTBT makes great contributions to the security, disarmament &amp; non-proliferation landscape‚Äù. https://t.co/CkEyIR0g6m"
2022-06-09 15:42:52+00:00,1534923994842947584,1,1403137055098540034,1534922491591901184,38410853,@CTBTO @UN_Vienna I wish I was born in Vienna and being studying a postgrade right now.
2022-05-28 12:40:56+00:00,1530529557354274819,0,937279523531513856,1530210926544265219,38410853,@CTBTO Congratulations üëçüëçüëç
2022-05-27 06:31:29+00:00,1530074191432753152,0,1149926772885950465,1529739697391648768,38410853,@CTBTO Good job
2022-05-18 16:27:12+00:00,1526962620573548545,0,1481177556615413762,1526879909578166272,38410853,"@CTBTO How can I get a job in the United Nations, because for me a dream since I was young"
2022-05-18 08:32:05+00:00,1526843051020263424,9,2863793740,1526570563044515840,38410853,@CTBTO This study benefited from the great quality of the IMS stations!üëåüì°
2022-05-06 09:07:47+00:00,1522503381528592386,0,977222083250982913,1522502641636593664,38410853,"@CTBTO @_RobFloyd @CancilleriaPeru Equal justice nd may pl be a uniform policy around the world, all nuclear power states including USA n Russia must stop n eliminate nuclear weapons. Nuclear weapons are humanity threat passing cancer generation to generation nd no solution if a nuclear disaster,
@rafaelmgrossi"
2022-12-16 10:25:18+00:00,1603697769684045825,12,38410853,1603697764315136001,38410853,"(2/2) In 2022 three African countries - The Gambia üá¨üá≤, Equatorial Guinea üá¨üá∂, and S√£o Tom√© and Pr√≠ncipe üá∏üáπ - ratified the #CTBT, making the African Union the largest geographical group of CTBTO members with 51 States Signatories. https://t.co/RuGTQu1iDU"
2022-12-15 12:39:41+00:00,1603369203540676608,20,38410853,1603369022388592640,38410853,"2/3 @INakamitsu during closing session: ""We are trying to empower the next generation. I hope you will do much better than my generation... Today, it is more critical than ever that we safeguard the norm against nuclear testing, which leaves nothing but destruction in its path."" https://t.co/x2nKoNk5tW"
2022-12-15 12:39:41+00:00,1603369203540676608,20,38410853,1603369022388592640,38410853,"2/3 @INakamitsu during closing session: ""We are trying to empower the next generation. I hope you will do much better than my generation... Today, it is more critical than ever that we safeguard the norm against nuclear testing, which leaves nothing but destruction in its path."" https://t.co/x2nKoNk5tW"
2022-12-20 13:24:44+00:00,1605192477492879361,0,1505827313799380998,1601487752587276288,38410853,@CTBTO @ThomasSilvy @_RobFloyd @Youth4CTBT @INTGenderChamps @afconeorg @OPANAL Nakamitsu? On the the third photo in this thread... strange woman...
2022-12-10 02:32:33+00:00,1601404471145549825,0,1220161548284350464,1601153818976456705,38410853,@CTBTO @UNTimorLeste Great proposal. https://t.co/8xUx4Pl7J4
2022-12-08 18:22:36+00:00,1600918784201482240,0,1220161548284350464,1600554102722887680,38410853,@CTBTO Congratulations üëèüéâ. Very nice organization
2022-12-29 14:54:30+00:00,1608476558628618247,0,1533689899,1600534581207351297,38410853,"@CTBTO @Sanam_Shantyaei @_RobFloyd o the free world
Denounce JCPOA, list IRGC as an terrorist organization and support ppl of Iran who are being murdered by applying #R2PforIran based on your committment.
This is what we, Iranian citizens expect you!
#IRGCterrorists
#SS35"
2022-12-06 12:10:52+00:00,1600100457292054528,9,38410853,1600100105826275334,38410853,"(2/6) H.E. Rapulane Sydney Molekane, Ambassador of South Africa üáøüá¶ to #CTBTO and Article XIV co-coordinator, said #Africa is a region that wants to promote global peace and security, and #nuclear testing is a recipe for promoting conflicts. https://t.co/sacRYTOsIo"
2022-12-06 12:10:52+00:00,1600100457292054528,9,38410853,1600100105826275334,38410853,"(2/6) H.E. Rapulane Sydney Molekane, Ambassador of South Africa üáøüá¶ to #CTBTO and Article XIV co-coordinator, said #Africa is a region that wants to promote global peace and security, and #nuclear testing is a recipe for promoting conflicts. https://t.co/sacRYTOsIo"
2022-12-06 12:10:52+00:00,1600100457292054528,9,38410853,1600100105826275334,38410853,"(2/6) H.E. Rapulane Sydney Molekane, Ambassador of South Africa üáøüá¶ to #CTBTO and Article XIV co-coordinator, said #Africa is a region that wants to promote global peace and security, and #nuclear testing is a recipe for promoting conflicts. https://t.co/sacRYTOsIo"
2022-12-06 12:10:52+00:00,1600100457292054528,9,38410853,1600100105826275334,38410853,"(2/6) H.E. Rapulane Sydney Molekane, Ambassador of South Africa üáøüá¶ to #CTBTO and Article XIV co-coordinator, said #Africa is a region that wants to promote global peace and security, and #nuclear testing is a recipe for promoting conflicts. https://t.co/sacRYTOsIo"
2022-12-06 12:10:52+00:00,1600100457292054528,9,38410853,1600100105826275334,38410853,"(2/6) H.E. Rapulane Sydney Molekane, Ambassador of South Africa üáøüá¶ to #CTBTO and Article XIV co-coordinator, said #Africa is a region that wants to promote global peace and security, and #nuclear testing is a recipe for promoting conflicts. https://t.co/sacRYTOsIo"
2022-12-06 12:10:52+00:00,1600100457292054528,9,38410853,1600100105826275334,38410853,"(2/6) H.E. Rapulane Sydney Molekane, Ambassador of South Africa üáøüá¶ to #CTBTO and Article XIV co-coordinator, said #Africa is a region that wants to promote global peace and security, and #nuclear testing is a recipe for promoting conflicts. https://t.co/sacRYTOsIo"
2022-12-07 11:37:05+00:00,1600454343672885248,0,1566111351243649024,1600077820721405952,38410853,@CTBTO @UN_PGA following
2022-12-06 10:53:14+00:00,1600080920060780544,0,1220161548284350464,1600076941796597761,38410853,@CTBTO @_RobFloyd Congratulations üëèüéâ Great opening
2022-12-13 11:52:05+00:00,1602632445920256002,0,82560295,1598315259084918786,38410853,"@CTBTO @_RobFloyd @UNinPNG @CollinBeck @SI_Parliament Universal nuclear disarmament supporters (like Sturgeon, Corbin, Michael Foot) actually encourage megalomaniac bullies like Putin to  invade other countries without fear of any crediable response from countries without nuclear deterrents. This will cause more conflicts than peace"
2022-12-02 13:03:19+00:00,1598664105690275840,0,705205592919506944,1598004140260876289,38410853,@CTBTO you have detections for kri nanggala? please dm
2022-11-28 11:07:20+00:00,1597185368755146752,18,38410853,1597183995674234880,38410853,"2/2 150 participants are attending the 7th edition of #OandM7, from different corners of üåç, throughout the week to address: 
‚û°Ô∏è Operations &amp; Maintenance of 321 #IMS stations 
‚û°Ô∏è Long-term sustainment of IMS/ways to enhance data availability and quality
‚û°Ô∏è New challenges &amp; topics https://t.co/6mh4dkxbn6"
2022-11-28 11:07:20+00:00,1597185368755146752,18,38410853,1597183995674234880,38410853,"2/2 150 participants are attending the 7th edition of #OandM7, from different corners of üåç, throughout the week to address: 
‚û°Ô∏è Operations &amp; Maintenance of 321 #IMS stations 
‚û°Ô∏è Long-term sustainment of IMS/ways to enhance data availability and quality
‚û°Ô∏è New challenges &amp; topics https://t.co/6mh4dkxbn6"
2022-11-25 13:45:09+00:00,1596137921568178179,15,38410853,1596137915494453249,38410853,"(2/2) Thu's mentor is Martin Kalinowksi, a nuclear physicist who has worked as a professor at the University of Hamburg and in various capacities at #CTBTO, including as chief of capacity building &amp; training and head of the scientific methods unit, both in the Intl Data Centre. https://t.co/kFOL02eADc"
2022-11-23 15:09:20+00:00,1595434327264878592,11,38410853,1595434321728380929,38410853,"(2/2) Afra's mentor is @JasminaLazovska, an Associate Administrative Officer in #CTBTO's International Monitoring System Division (IMS). Jasmina believes she has benefited from the Mentorship Program as much her mentee and it is an opportunity for her to learn and grow as well! https://t.co/7ToCsUqYgy"
2022-11-22 02:05:06+00:00,1594874580728152066,0,1220161548284350464,1594676676218294272,38410853,@CTBTO @_RobFloyd CTBTO is great doing for humanity and world peace.
2022-11-21 09:44:28+00:00,1594627797057966080,0,1220161548284350464,1594601513846013954,38410853,@CTBTO I have wish to participate but not selected
2022-11-17 14:35:39+00:00,1593251523361767429,9,38410853,1593251517993144322,38410853,"(2/4) Alinne Olvera is studying earth sciences and seismology at the Universidad Nacional Aut√≥noma de M√©xico (@UNAM_MX), and is interested in pursuing a career in disaster risk reduction and resiliency. She explains why she wanted to participate in the Mentorship Program: https://t.co/UDqQQBlgYs"
2022-11-17 14:35:39+00:00,1593251523361767429,9,38410853,1593251517993144322,38410853,"(2/4) Alinne Olvera is studying earth sciences and seismology at the Universidad Nacional Aut√≥noma de M√©xico (@UNAM_MX), and is interested in pursuing a career in disaster risk reduction and resiliency. She explains why she wanted to participate in the Mentorship Program: https://t.co/UDqQQBlgYs"
2022-11-17 14:35:39+00:00,1593251523361767429,9,38410853,1593251517993144322,38410853,"(2/4) Alinne Olvera is studying earth sciences and seismology at the Universidad Nacional Aut√≥noma de M√©xico (@UNAM_MX), and is interested in pursuing a career in disaster risk reduction and resiliency. She explains why she wanted to participate in the Mentorship Program: https://t.co/UDqQQBlgYs"
2022-11-11 12:05:27+00:00,1591039400540094465,1,1422856309096042501,1590615249454964737,38410853,@CTBTO So many capable professionals behind the scenes!
2022-11-08 14:28:35+00:00,1589988257139679233,0,1220161548284350464,1589610869427646465,38410853,@CTBTO @_RobFloyd It will be very great for CTBTO verification technology.
2022-11-02 16:27:21+00:00,1587843819428773889,0,1220161548284350464,1587755956963794945,38410853,"@CTBTO @WiN_IAEA @WiNIAEAChapter @CtbtNdc @UN_Disarmament @CtbtYPN @WiNglobal @african_ygn @unescoEARTH @UNESCAP @UNDRR World scientists, youngs and diplomates are requested to attend to understand the objectives of Snt23, to know how they are working for world peace"
2022-10-31 08:10:57+00:00,1586994120081301504,0,1456511547799343109,1586991368181645314,38410853,@CTBTO What a freaking nightmare
2022-10-26 14:49:08+00:00,1585282386610180096,0,1220161548284350464,1585209629344137217,38410853,@CTBTO @LauraSHHolgate @impactpool Please send link d.shanker@eq.iitr.ac.in
2022-10-25 20:03:57+00:00,1584999224051372033,0,1581274364112166912,1584922218919780352,38410853,"@CTBTO How many bribes did the @OPCW institution receive from the #Turkish state, refusing to conduct research on the #Kurds murdered by the Turkish state with chemicals?
#Opcw
#OPCWdoYourDuty https://t.co/pJ7LNneyyG"
2022-12-13 11:54:48+00:00,1602633131361800194,0,82560295,1584484847711506434,38410853,"@CTBTO Universal nuclear disarmament supporters (like Sturgeon, Corbin, Michael Foot) actually encourage megalomaniac bullies like Putin to  invade other countries without fear of any crediable response from countries without nuclear deterrents. This will cause more conflicts than peace"
2022-10-25 20:45:24+00:00,1585009654651707392,0,1581274364112166912,1584484847711506434,38410853,"@CTBTO @RealDeeptiC How many bribes did the @OPCW institution receive from the #Turkish state, refusing to conduct research on the #Kurds murdered by the Turkish state with chemicals?
#Opcw
#OPCWdoYourDuty 
#turkeyschemicalterror https://t.co/TsP6yLawou"
2022-10-24 13:03:10+00:00,1584530943809056771,1,1536023417907867649,1584439547659681792,38410853,@CTBTO @UN A useless piece of paper that the Americans refuse to follow!
2022-10-23 10:24:43+00:00,1584128679315005441,0,1220161548284350464,1582736178654035968,38410853,@CTBTO @_RobFloyd Great doing sir
2022-10-19 14:11:43+00:00,1582736254613225474,6,38410853,1582736178654035968,38410853,"2/2 CTBTO's Executive Secretary also spoke about the National Data Centres-for-All initiative, which seeks to ensure that all States Signatories can fully reap the benefits offered by the Organization's verification system. #NDCs4All"
2022-10-18 20:11:08+00:00,1582464314807447552,0,1544151669868478465,1582463665156259840,38410853,@CTBTO @_RobFloyd @INakamitsu @TuvaluPM @voteforkenneth @AngueSimeon @AdaljizaM @AmbTangara @APLNofficial @theELN @UN_Disarmament @TuvaluGov @UNTimorLeste @MCooperacion @RepSaoTome @_AfricanUnion @OPANAL That‚Äôs what I want. CLEMENTO ProphetSyrionG5AtlantisDragon.
2022-10-20 13:51:32+00:00,1583093561440231424,7,38410853,1582397551034048513,38410853,"With SAUNA III and SPALAX-NG, Xenon International is one of the 3 next-generation noble-gas systems that have passed #CTBTO's acceptance tests, certifying them for use in the International Monitoring System (#IMS) to contribute to the #CTBT verification regime. https://t.co/wEdeCGdjgB"
2022-10-19 02:18:33+00:00,1582556779455873025,0,1220161548284350464,1582280491197079553,38410853,@CTBTO Great doing CTBTO https://t.co/Krpbqx0y1x
2022-10-17 21:06:02+00:00,1582115745789784064,0,1581272190963548166,1580902840414838784,38410853,"@CTBTO Join #shika, countdown 1day left to pre-sale event of #shikatoken üî•üî•
Official presale link:https://t.co/1GuQtjby6F
Start 12:00 UTC 18 october
Soft cap:. 200
Hard cap:400
TG: @ShikaToken_CM
Site:https://t.co/iSYXC47Vma"
2022-10-04 11:18:37+00:00,1577256873673515008,0,126449489,1577256378439114752,38410853,@CTBTO Exciting. Terrible that we missed out.
2022-09-30 16:48:33+00:00,1575890353852399616,10,38410853,1575890121635041281,38410853,"2/2 And it doesn't end there - we installed an additional CBS in #Montenegro üá≤üá™, September 19-23.
Location: Institute of Hydrometeorology and Seismology of Montenegro (IHMS).
#NDCs4All https://t.co/9wIOSrmH3r"
2022-09-30 13:08:32+00:00,1575834982991659008,2,38410853,1575814521465311233,38410853,You can read more about the tsunami warning agreement here üëâüèΩhttps://t.co/m2GHwDuTdc
2022-10-01 06:28:50+00:00,1576096783167811584,0,1220161548284350464,1575812725690597376,38410853,@CTBTO @_RobFloyd @BelgiumMFA @BelgiuminVienna Congratulations üëèüéâ to both
2022-12-13 11:59:56+00:00,1602634420611170306,0,82560295,1574413483663294465,38410853,"@CTBTO @antonioguterres @UN Universal nuclear disarmament supporters (like Sturgeon, Corbin, Michael Foot) actually encourage megalomaniac bullies like Putin to  invade other countries without fear of any crediable response from countries without nuclear deterrents. This will cause more conflicts than peace"
2022-10-05 20:21:53+00:00,1577755981601116160,0,883904839922659328,1574292687032766468,38410853,"@CTBTO @UN SOS
Students at Universities such as Sharif University of Technology and Tabriz Universities are trapped and shot by forces. Highschool and middleschool students are protesting. Take action against the islamic republic #mahsaamini
#ŸÖŸáÿ≥ÿß_ÿßŸÖ€åŸÜ€å 
#opiran
#NikaShakarami 
#ŸÜ€å⁄©ÿß_ÿ¥ÿß⁄©ÿ±ŸÖ€å"
2022-09-27 06:26:54+00:00,1574646744545042432,0,4584986058,1574292687032766468,38410853,"@CTBTO @UN When there's another weapon system that surpass nuclear weapons, you'd then have the better chance to ""eliminate"" nuclear weapons"
2022-09-26 22:24:56+00:00,1574525455851479047,0,1122271389623496711,1574292687032766468,38410853,"@CTBTO @UN Please make my system that eradicates hunger in a month is easy, send me an email to: bryanwillianantunes8@gmail.com to receive the document"
2022-09-26 19:59:54+00:00,1574488956942438400,0,1101615614794317824,1574292687032766468,38410853,@CTBTO @UN To destroy is an end not a terror. Can you imagine a world without nuclear weapons
2022-09-26 18:29:06+00:00,1574466106810683392,0,1572557678311866369,1574292687032766468,38410853,@CTBTO @UN say her name #MahsaAmini #ŸÖŸáÿ≥ÿß_ÿßŸÖ€åŸÜ€å
2022-09-26 17:27:45+00:00,1574450666633924615,0,1573640831289987072,1574292687032766468,38410853,"@CTBTO @UN Please be our voice 
#MahsaAmini 
#ŸÖŸáÿ≥ÿß_ÿßŸÖ€åŸÜ€å 
#ÿßÿπÿ™ÿµÿßÿ®ÿßÿ™_ÿ≥ÿ±ÿßÿ≥ÿ±€å"
2022-09-26 16:55:42+00:00,1574442599938592768,0,1573257816575397888,1574292687032766468,38410853,@CTBTO @UN Doneat to poor
2022-09-23 11:49:16+00:00,1573278319466127361,6,1553265676546150403,1573120614474334208,38410853,"@CTBTO @INakamitsu @_RobFloyd @UN @UN_Disarmament @OPANAL @_AfricanUnion @Presidency_GMB @SkerritR @TuvaluGov @MCooperacion @ONU_STP It's success of tireless efforts &amp; advocacy of @CTBTO &amp;  credit going to those leaders, who understand the importance of Nuclear Testing Ban. 

International Human Rights Commission (IGO) congratulate for this historic achievements &amp; continue our efforts for Nuclear Free World."
2022-09-23 01:22:38+00:00,1573120622020141056,11,38410853,1573120614474334208,38410853,"The Gambiaüá¨üá≤ ratified the CTBT on 24 March 2022, completing adherence to the Treaty in West Africa. https://t.co/1aFW3ZZzlD"
2022-09-23 11:49:16+00:00,1573278319466127361,6,1553265676546150403,1573120614474334208,38410853,"@CTBTO @INakamitsu @_RobFloyd @UN @UN_Disarmament @OPANAL @_AfricanUnion @Presidency_GMB @SkerritR @TuvaluGov @MCooperacion @ONU_STP It's success of tireless efforts &amp; advocacy of @CTBTO &amp;  credit going to those leaders, who understand the importance of Nuclear Testing Ban. 

International Human Rights Commission (IGO) congratulate for this historic achievements &amp; continue our efforts for Nuclear Free World."
2022-09-23 01:22:38+00:00,1573120622020141056,11,38410853,1573120614474334208,38410853,"The Gambiaüá¨üá≤ ratified the CTBT on 24 March 2022, completing adherence to the Treaty in West Africa. https://t.co/1aFW3ZZzlD"
2022-09-23 11:49:16+00:00,1573278319466127361,6,1553265676546150403,1573120614474334208,38410853,"@CTBTO @INakamitsu @_RobFloyd @UN @UN_Disarmament @OPANAL @_AfricanUnion @Presidency_GMB @SkerritR @TuvaluGov @MCooperacion @ONU_STP It's success of tireless efforts &amp; advocacy of @CTBTO &amp;  credit going to those leaders, who understand the importance of Nuclear Testing Ban. 

International Human Rights Commission (IGO) congratulate for this historic achievements &amp; continue our efforts for Nuclear Free World."
2022-09-23 01:22:38+00:00,1573120622020141056,11,38410853,1573120614474334208,38410853,"The Gambiaüá¨üá≤ ratified the CTBT on 24 March 2022, completing adherence to the Treaty in West Africa. https://t.co/1aFW3ZZzlD"
2022-09-23 11:49:16+00:00,1573278319466127361,6,1553265676546150403,1573120614474334208,38410853,"@CTBTO @INakamitsu @_RobFloyd @UN @UN_Disarmament @OPANAL @_AfricanUnion @Presidency_GMB @SkerritR @TuvaluGov @MCooperacion @ONU_STP It's success of tireless efforts &amp; advocacy of @CTBTO &amp;  credit going to those leaders, who understand the importance of Nuclear Testing Ban. 

International Human Rights Commission (IGO) congratulate for this historic achievements &amp; continue our efforts for Nuclear Free World."
2022-09-23 01:22:38+00:00,1573120622020141056,11,38410853,1573120614474334208,38410853,"The Gambiaüá¨üá≤ ratified the CTBT on 24 March 2022, completing adherence to the Treaty in West Africa. https://t.co/1aFW3ZZzlD"
2022-09-23 11:49:16+00:00,1573278319466127361,6,1553265676546150403,1573120614474334208,38410853,"@CTBTO @INakamitsu @_RobFloyd @UN @UN_Disarmament @OPANAL @_AfricanUnion @Presidency_GMB @SkerritR @TuvaluGov @MCooperacion @ONU_STP It's success of tireless efforts &amp; advocacy of @CTBTO &amp;  credit going to those leaders, who understand the importance of Nuclear Testing Ban. 

International Human Rights Commission (IGO) congratulate for this historic achievements &amp; continue our efforts for Nuclear Free World."
2022-09-23 01:22:38+00:00,1573120622020141056,11,38410853,1573120614474334208,38410853,"The Gambiaüá¨üá≤ ratified the CTBT on 24 March 2022, completing adherence to the Treaty in West Africa. https://t.co/1aFW3ZZzlD"
2022-09-22 02:11:13+00:00,1572770462190698496,4,463317811,1572687177334521857,38410853,"@CTBTO @teonguema @MCooperacion @GabrielObiang @_AfricanUnion @PressACP Congratulations @CTBTO and Equatorial Guinea! Great to see the realisation of @_RobFloyd vision for the 25th Anniversary. 
Let's finish what we started and end nuclear testing forever."
2022-09-21 17:09:26+00:00,1572634117702909952,5,38410853,1572622216893702148,38410853,You can find the full Joint Statement by Friends of the #CTBT here üëâüèΩ https://t.co/PkMXVvvqs4
2022-09-27 03:42:00+00:00,1574605247174959106,0,1406917645958582275,1572614490948259846,38410853,"@CTBTO @niinisto @TPKanslia @FinEmbVienna @FinlandUN @niinisto is only living for free live, free travelling, free photos..thinks that every Finnish people are servants for herself, doesnt like Finland or Finnish people, only wants services and free life for itself!"
2022-09-21 17:08:06+00:00,1572633783886827520,4,38410853,1572612960882917376,38410853,"You can find the full statement by #CTBTO's Executive Secretary, @_RobFloyd here üëâüèΩ https://t.co/567mKCEPfB 

#UNGA"
2022-09-08 15:36:20+00:00,1567899646001029121,0,901839907,1567845722405453830,38410853,@CTBTO @MarioZampolli Excellent photobomb by Klas in the second photo.
2022-09-09 10:05:40+00:00,1568178817545502721,0,1402714237387030531,1567512403138560000,38410853,"@CTBTO It was a great pleasure to attend the International Hydroacoustic Workshop 2022, organized by @CTBTO."
2022-09-07 14:12:16+00:00,1567516103584137216,2,937279523531513856,1567512403138560000,38410853,@CTBTO NDC-in-a-Box has great new features for Hydroacoustic data analysis. This helps a lot to enable broad exploitation of IMS Hydro data by users. üëç
2022-09-06 05:30:48+00:00,1567022482925682688,0,1360227293617037313,1566760807211360261,38410853,"@CTBTO @UN_PGA @UN @KazakhstanUN @MFA_KZ @Vienna_kz @UN_Disarmament @INakamitsu @IPUparliament That the world talks about human rights shakes hands with terrorism?

How many dead bodies are required for UN to take actions?

#TakeActions_NoMoreWords

üö®Otherwise more genocides never be terminated!

55 million ppl can‚Äôt afford next year of wavering!

#WhatsHappeningInMyanmar https://t.co/vgK3LCnA92"
2022-08-29 19:32:35+00:00,1564335221041991680,0,1417646356475297955,1564236427294117895,38410853,"@CTBTO @UN The US, given outlandish history of Republicans war mongering for endless war for Profit, shld unilaterally dismantle Nuclear arsenal: With coming of Trump &amp; the out of control treacherous manifestation, shows USA w. arsenal a World Threat beyond the rest."
2022-08-29 19:04:53+00:00,1564328250620485634,0,1440620222054944768,1564236427294117895,38410853,@CTBTO @UN too late
2022-08-29 18:52:59+00:00,1564325254712918016,1,243865194,1564236427294117895,38410853,@CTBTO @UN Why? All stopping new countries getting the weapon just helps the current bullies. The answer is to denuclearise everywhere including the biggest bullies such as the USA. Are there any countries which currently have nuclear weapons that don‚Äôt also have a history of bullying?
2022-08-29 16:35:54+00:00,1564290759628660737,0,1520431417838215168,1564236427294117895,38410853,"@CTBTO "" In a gentle way, you can shake the world."" https://t.co/RIPQEy0wQO"
2022-08-17 13:55:03+00:00,1559901626441269248,0,3397234979,1559865121584738304,38410853,@CTBTO @Youth4CTBT @_RobFloyd Africa??
2022-08-09 07:07:12+00:00,1556899884489383936,0,977222083250982913,1556898071220551680,38410853,@CTBTO All nuclear power states including USA n Russia must stop n eliminate nuclear weapons will be a good move towards eliminating the nuclear weapons. Nuclear weapons are humanity threat.
